{"cameraMode":{"drawMode":0,"name":"Shaded","section":"Shading Mode"},"sceneLighting":true,"audioPlay":false,"sceneViewState":{"showFog":true,"showMaterialUpdate":false,"showSkybox":true,"showFlares":true,"showImageEffects":true,"showParticleSystems":true},"in2DMode":false,"pivot":{"x":0.24046193063259126,"y":2.1102654933929445,"z":-0.20426130294799806},"rotation":{"x":0.14002221822738648,"y":-0.08454591780900955,"z":0.012059474363923073,"w":0.9865152835845947},"size":4.554228782653809,"orthographic":true}