{"cameraMode":{"drawMode":0,"name":"Shaded","section":"Shading Mode"},"sceneLighting":true,"audioPlay":false,"sceneViewState":{"showFog":true,"showMaterialUpdate":true,"showSkybox":true,"showFlares":true,"showImageEffects":true,"showParticleSystems":true},"in2DMode":false,"pivot":{"x":-0.02689884603023529,"y":1.9674793481826783,"z":-0.04558098316192627},"rotation":{"x":0.014623542316257954,"y":0.09675350785255432,"z":0.0013939611380919815,"w":-0.9952282309532166},"size":0.4303886592388153,"orthographic":false}